"site","records","dataset","lat","lon","seasonality","mean_temp"
"k_100",9,"korea",37.68333333,128.75,25.3950819672131,13.9871584699454
"k_101",23,"korea",37.9,127.7333333,29.0114754098361,16.7382513661202
"k_105",20,"korea",37.75,128.8833333,24.9573770491803,16.6295081967213
"k_106",22,"korea",37.5,129.1166667,24.2262295081967,17.3505464480874
"k_108",20,"korea",37.56666667,126.95,28.0426229508197,16.9178961748634
"k_112",20,"korea",37.46666667,126.6166667,27.6524590163934,16.4266393442623
"k_114",23,"korea",37.33333333,127.9333333,28.6049180327869,16.9907103825137
"k_115",16,"korea",37.46666667,130.8833333,23.4803278688525,15.2489071038251
"k_119",21,"korea",37.26666667,126.9833333,28.4229508196721,16.6653005464481
"k_121",24,"korea",37.16666667,128.45,28.0590163934426,16.4248633879781
"k_127",25,"korea",36.96666667,127.95,28.2459016393443,17.5401639344262
"k_129",24,"korea",36.76666667,126.4833333,27.4622950819672,16.849043715847
"k_130",24,"korea",36.98333333,129.4,23.2016393442623,17.7396174863388
"k_131",23,"korea",36.63333333,127.4333333,28.5918032786885,17.6653005464481
"k_133",20,"korea",36.36666667,127.3666667,27.4393442622951,18.057650273224
"k_135",23,"korea",36.21666667,127.9833333,27.0573770491803,16.6898907103825
"k_136",23,"korea",36.56666667,128.7,27.3934426229508,17.7568306010929
"k_138",23,"korea",36.01666667,129.3666667,24.4114754098361,18.1389344262295
"k_140",22,"korea",36,126.75,26.4836065573771,17.4381147540984
"k_143",20,"korea",35.88333333,128.6166667,26.3180327868852,19.0263661202186
"k_146",24,"korea",35.81666667,127.15,27.0688524590164,18.2341530054645
"k_152",23,"korea",35.55,129.3166667,24.1409836065574,18.4004098360656
"k_155",23,"korea",35.16666667,128.5666667,23.744262295082,18.5770491803279
"k_156",21,"korea",35.16666667,126.8833333,26.6065573770492,18.3516393442623
"k_159",20,"korea",35.1,129.0166667,22.7393442622951,18.3094262295082
"k_162",22,"korea",34.83333333,128.4333333,22.2868852459016,18.1392076502732
"k_165",20,"korea",34.81666667,126.3666667,24.1229508196721,18.1894808743169
"k_168",22,"korea",34.73333333,127.7333333,23.5393442622951,18.2840163934426
"k_169",16,"korea",34.68333333,125.45,22.3049180327869,16.8957650273224
"k_170",25,"korea",34.38333333,126.7,23.7852459016393,17.767349726776
"k_184",20,"korea",33.5,126.5166667,23.0590163934426,18.0822404371585
"k_189",20,"korea",33.23333333,126.55,20.5491803278689,19.5299180327869
"k_192",22,"korea",35.15,128.0333333,24.8245901639344,18.6674863387978
"k_201",24,"korea",37.7,126.4333333,27.5950819672131,15.8859289617486
"k_202",22,"korea",37.48333333,127.4833333,28.6032786885246,17.0032786885246
"k_203",21,"korea",37.25,127.4833333,29.1262295081967,17.032650273224
"k_211",23,"korea",38.04998,128.1666,27.6,14.9515027322404
"k_212",24,"korea",37.68306,127.86632,28.4360655737705,16.6534153005465
"k_216",23,"korea",37.1666,128.98294,26.3295081967213,13.7644808743169
"k_221",24,"korea",37.13328,128.01666,28.0426229508197,16.2741803278689
"k_226",23,"korea",36.48314,127.73304,27.5213114754098,17.4680327868852
"k_232",23,"korea",36.76636,127.11662,28.6409836065574,17.5598360655738
"k_235",23,"korea",36.31654,126.54978,25.9901639344262,17.501912568306
"k_236",25,"korea",36.26656,126.9163,27.6180327868852,18.2603825136612
"k_238",25,"korea",36.09996,127.46648,27.5590163934426,17.5431693989071
"k_243",25,"korea",35.71638,126.69972,26.4786885245902,17.6870218579235
"k_244",24,"korea",35.59976,127.28322,26.6786885245902,17.5255464480874
"k_245",24,"korea",35.54978,126.84966,26.8426229508197,18.0323770491803
"k_247",24,"korea",35.39984,127.31654,27.0131147540984,18.507650273224
"k_248",24,"korea",35.64974,127.51646,26.7639344262295,16.5454918032787
"k_256",23,"korea",35.06664,127.23324,25.6245901639344,17.854781420765
"k_260",24,"korea",34.68306,126.9163,25.3016393442623,18.6810109289618
"k_261",24,"korea",34.54978,126.56644,24.9918032786885,18.4550546448087
"k_262",23,"korea",34.61642,127.76636,22.6704918032787,17.7270491803279
"k_265",22,"korea",33.38318,126.86632,21.7049180327869,18.8430327868852
"k_271",24,"korea",36.93296,128.89964,27.0426229508197,15.6129781420765
"k_272",22,"korea",36.86632,128.51646,27.7540983606557,16.8006830601093
"k_273",24,"korea",36.61642,128.13328,27.5819672131148,17.2823770491803
"k_277",23,"korea",36.51646,129.39984,23.8360655737705,18.2866120218579
"k_278",22,"korea",36.34986,128.68306,26.516393442623,18.4687158469945
"k_279",24,"korea",36.11662,128.31654,26.6262295081967,17.2812841530055
"k_281",22,"korea",35.96628,128.94962,26.1524590163934,18.1715846994536
"k_284",22,"korea",35.6664,127.89964,26.0213114754098,17.523087431694
"k_285",25,"korea",35.54978,128.6664,24.8196721311475,17.903825136612
"k_288",25,"korea",35.48314,128.73304,24.6032786885246,18.6974043715847
"k_289",23,"korea",35.39984,127.86632,25.1229508196721,17.2207650273224
"k_294",20,"korea",34.88298,128.59976,24.0622950819672,18.0840163934426
"k_295",24,"korea",34.79968,127.9163,24.2672131147541,17.4613387978142
"j_423",9,"japan",42.31166667,140.975,24.4672131147541,11.7860655737705
"j_428",7,"japan",41.865184,140.130728,24.7590163934426,12.8188524590164
"j_430",17,"japan",41.815,140.7533333,24.7344262295082,13.2218579234973
"j_581",19,"japan",40.52666667,141.5216667,24.6081967213115,14.3069672131148
"j_582",23,"japan",39.71666667,140.0983333,26.2360655737705,15.3445355191257
"j_584",19,"japan",39.69833333,141.165,26.9737704918033,15.0408469945355
"j_585",25,"japan",39.64666667,141.965,21.9934426229508,15.0337431693989
"j_587",22,"japan",38.90833333,139.8433333,25.9475409836066,16.3431693989071
"j_588",25,"japan",38.255,140.345,27.5770491803279,16.3001366120219
"j_595",27,"japan",37.75833333,140.47,24.8786885245902,17.2428961748634
"j_598",23,"japan",36.94666667,140.9033333,19.9065573770492,17.6445355191257
"j_600",25,"japan",37.39166667,136.895,24.4803278688525,17.0882513661202
"j_602",22,"japan",38.02833333,138.2383333,23.7508196721312,16.7303278688525
"j_604",26,"japan",37.91166667,139.0466667,25.3606557377049,17.3109289617486
"j_605",26,"japan",36.58833333,136.6333333,24.8868852459016,18.1241803278689
"j_607",28,"japan",36.70833333,137.2016667,25.4803278688525,17.5870218579235
"j_610",27,"japan",36.66166667,138.1916667,25.4950819672131,17.1584699453552
"j_615",28,"japan",36.54833333,139.8683333,22.1180327868852,18.6459016393443
"j_616",23,"japan",36.055,136.2216667,25.7245901639344,18.4886612021858
"j_617",29,"japan",36.155,137.2533333,28.5360655737705,16.2303278688525
"j_618",27,"japan",36.245,137.97,26.0360655737705,17.2476775956284
"j_624",24,"japan",36.405,139.06,22.5590163934426,19.3982240437159
"j_626",21,"japan",36.15,139.38,22.2409836065574,19.680737704918
"j_631",20,"japan",35.65333333,136.0616667,24.8655737704918,18.625
"j_632",20,"japan",35.4,136.7616667,24.2967213114754,19.8651639344262
"j_636",21,"japan",35.16666667,136.965,23.8081967213115,19.9760928961749
"j_637",23,"japan",35.52333333,137.8216667,24.1049180327869,17.701912568306
"j_638",20,"japan",35.66666667,138.5533333,22.7803278688525,18.5825136612022
"j_651",23,"japan",34.73333333,136.52,22.444262295082,19.827868852459
"j_656",19,"japan",34.975,138.405,19.4295081967213,20.5870218579235
"j_663",18,"japan",34.07,136.1933333,20.4229508196721,19.7521857923497
"j_670",21,"japan",35.43833333,139.6516667,20.3803278688525,19.9143442622951
"j_678",14,"japan",33.12166667,139.7783333,15.7213114754098,21.5831967213115
"j_740",21,"japan",36.20333333,133.3333333,22.8540983606557,18.0184426229508
"j_744",19,"japan",35.435,133.3383333,23.5344262295082,19.0193989071038
"j_746",21,"japan",35.48666667,134.2366667,24.6901639344262,19.4412568306011
"j_747",21,"japan",35.535,135.8216667,24.3819672131148,18.2127049180328
"j_750",22,"japan",35.45,135.3166667,24.6983606557377,18.8580601092896
"j_759",21,"japan",35.015,135.7316667,24.8196721311475,19.9782786885246
"j_762",18,"japan",33.94833333,130.925,21.9672131147541,20.2612021857924
"j_765",18,"japan",34.39833333,132.4616667,22.7393442622951,20.0904371584699
"j_768",18,"japan",34.66,133.9166667,23.5754098360656,20.0799180327869
"j_770",21,"japan",34.69666667,135.2116667,23.6524590163934,20.047131147541
"j_777",24,"japan",34.22833333,135.1633333,23.1508196721311,20.3306010928962
"j_780",22,"japan",34.69333333,135.8266667,24.3114754098361,20.6419398907104
"j_800",19,"japan",34.19666667,129.2916667,20.6836065573771,18.9032786885246
"j_807",25,"japan",33.58166667,130.375,22.7754098360656,20.2855191256831
"j_813",20,"japan",33.265,130.305,22.8327868852459,20.9437158469945
"j_815",18,"japan",33.235,131.6183333,21.3032786885246,20.7209016393443
"j_827",23,"japan",31.55333333,130.5466667,19.5655737704918,22.1431693989071
"j_830",20,"japan",31.93833333,131.4133333,19.5426229508197,22.1680327868853
"j_837",17,"japan",30.72,130.9816667,18.9196721311475,21.3709016393443
"j_843",18,"japan",32.69333333,128.8266667,20.7180327868852,20.0855191256831
"j_895",15,"japan",34.06666667,134.5733333,22.4131147540984,20.5155737704918
"j_612",22,"japan",37.105,138.2466667,25.7311475409836,17.9622950819672
"j_662",14,"japan",35.69,139.76,20.927868852459,19.7782786885246
"j_677",9,"japan",34.12333333,139.5216667,17.6245901639344,18.967349726776
"j_761",22,"japan",35.275,135.2433333,25.055737704918,18.3872950819672
"j_912",8,"japan",24.46666667,123.01,11.5508196721311,26.2467213114754
"j_401",5,"japan",45.415,141.6783333,26.7229508196721,8.82349726775957
"j_406",5,"japan",43.945,141.6316667,26.427868852459,11.2386612021858
"j_409",8,"japan",44.01666667,144.2783333,25,10.0495901639344
"j_412",8,"japan",43.05833333,141.3283333,27.0688524590164,12.3767759562842
"j_413",6,"japan",43.21,141.785,29.0081967213115,11.8131147540984
"j_417",8,"japan",42.92,143.2116667,25.955737704918,11.7717213114754
"j_418",9,"japan",42.985,144.3766667,22.8655737704918,10.2539617486339
"j_426",9,"japan",42.16166667,142.7766667,22.4967213114754,11.3039617486339
"j_433",12,"japan",42.9,140.7566667,28.0918032786885,10.9439890710383
"j_435",6,"japan",41.815,140.7533333,24.7344262295082,13.2218579234973
"j_575",19,"japan",40.82166667,140.7683333,25.7049180327869,14.64043715847
"j_590",24,"japan",38.26166667,140.8966667,23.2786885245902,16.3784153005465
"j_629",21,"japan",36.38,140.4666667,21.0409836065574,18.6177595628415
"j_648",23,"japan",35.73833333,138.8566667,22.2803278688525,11.0935792349727
"j_654",20,"japan",34.70833333,137.7183333,21.1032786885246,19.9513661202186
"j_675",18,"japan",34.74833333,139.3616667,18.7262295081967,18.3661202185792
"j_776",23,"japan",34.33833333,134.905,23.0032786885246,19.3617486338798
"j_778",16,"japan",33.45,135.76,18.6983606557377,20.4935792349727
"j_817",19,"japan",32.73333333,129.8666667,21.1590163934426,20.3232240437159
"j_887",18,"japan",33.84333333,132.7766667,23.0704918032787,19.9822404371585
"j_892",17,"japan",33.22666667,132.5516667,21.2327868852459,20.871174863388
"j_407",5,"japan",43.75666667,142.3716667,30.2081967213115,11.6853825136612
"j_741",19,"japan",35.45666667,133.065,23.6967213114754,19.0505464480874
"j_755",21,"japan",34.89666667,132.07,23.2934426229508,19.2754098360656
"j_772",13,"japan",34.68166667,135.5183333,24.0360655737705,20.6043715846995
"j_819",23,"japan",32.81333333,130.7066667,22.2016393442623,21.4084699453552
"j_891",16,"japan",34.31666667,134.0533333,23.1081967213115,20.4792349726776
"j_893",21,"japan",33.56666667,133.5483333,20.2934426229508,21.3790983606557
"j_917",4,"japan",24.42666667,123.765,11.5245901639344,25.9591530054645
"j_918",5,"japan",24.33666667,124.1633333,11.3426229508197,26.1840163934426
"j_936",9,"japan",26.20666667,127.685,12.6655737704918,25.6025956284153
"j_909",9,"japan",28.37833333,129.495,14.8508196721311,24.2851092896175
"j_927",6,"japan",24.79333333,125.2766667,11.8606557377049,26.1120218579235
"j_420",4,"japan",43.33,145.585,22.7147540983607,9.19030054644809
"j_929",9,"japan",26.33666667,126.8033333,12.7114754098361,25.317349726776
"j_672",17,"japan",34.98666667,139.865,18.9934426229508,20.2217213114754
"j_945",8,"japan",25.82833333,131.2266667,11.1606557377049,26.070218579235
"j_940",6,"japan",26.59333333,127.965,13.1245901639344,25.4592896174863
"m_AA",53,"manomet",41.919934,-70.542633,24.955737704918,14.7181693989071
"r_RM1",21,"rmbl",38.955942,-106.988305,25.3491803278689,8.94590163934427
"r_RM2",18,"rmbl",38.955942,-106.988305,25.3491803278689,8.94590163934427
"r_RM3",21,"rmbl",38.955942,-106.988305,25.3491803278689,8.94590163934427
"r_RM4",21,"rmbl",38.955942,-106.988305,25.3491803278689,8.94590163934427
"r_RM5",15,"rmbl",38.955942,-106.988305,25.3491803278689,8.94590163934427
"r_RM6",15,"rmbl",38.955942,-106.988305,25.3491803278689,8.94590163934427
"r_RM7",19,"rmbl",38.955942,-106.988305,25.3491803278689,8.94590163934427
"r_RM8",15,"rmbl",38.955942,-106.988305,25.3491803278689,8.94590163934427
"r_RM9",11,"rmbl",38.955942,-106.988305,25.3491803278689,8.94590163934427
"r_EM1",17,"rmbl",38.955942,-106.988305,25.3491803278689,8.94590163934427
"r_EM2",17,"rmbl",38.955942,-106.988305,25.3491803278689,8.94590163934427
"r_INT1",15,"rmbl",38.955942,-106.988305,25.3491803278689,8.94590163934427
"r_INT2",10,"rmbl",38.955942,-106.988305,25.3491803278689,8.94590163934427
"r_INT3",11,"rmbl",38.955942,-106.988305,25.3491803278689,8.94590163934427
"r_INT4",15,"rmbl",38.955942,-106.988305,25.3491803278689,8.94590163934427
"r_INT5",22,"rmbl",38.955942,-106.988305,25.3491803278689,8.94590163934427
"r_VR1",17,"rmbl",38.955942,-106.988305,25.3491803278689,8.94590163934427
"r_VR2",16,"rmbl",38.955942,-106.988305,25.3491803278689,8.94590163934427
"r_WM1",25,"rmbl",38.955942,-106.988305,25.3491803278689,8.94590163934427
"r_WM2",23,"rmbl",38.955942,-106.988305,25.3491803278689,8.94590163934427
"r_WM3",22,"rmbl",38.955942,-106.988305,25.3491803278689,8.94590163934427
"r_WM4",23,"rmbl",38.955942,-106.988305,25.3491803278689,8.94590163934427
"r_WM5",22,"rmbl",38.955942,-106.988305,25.3491803278689,8.94590163934427
"r_GH1",29,"rmbl",38.955942,-106.988305,25.3491803278689,8.94590163934427
"r_GH2",23,"rmbl",38.955942,-106.988305,25.3491803278689,8.94590163934427
"r_GH3",11,"rmbl",38.955942,-106.988305,25.3491803278689,8.94590163934427
"r_GH4",17,"rmbl",38.955942,-106.988305,25.3491803278689,8.94590163934427
"r_GH5",16,"rmbl",38.955942,-106.988305,25.3491803278689,8.94590163934427
"r_MDW",5,"rmbl",38.955942,-106.988305,25.3491803278689,8.94590163934427
"r_STR",9,"rmbl",38.955942,-106.988305,25.3491803278689,8.94590163934427
"n_fitter",223,"nectar",51.80676,1.206607,16.355737704918,13.5601092896175
"n_harvard",56,"nectar",42.27,-71.87,28.0622950819672,14.2263661202186
"n_hubbard",3,"nectar",44.03,-71.14,29.4081967213115,13.4349726775956
"n_luquillo",1,"nectar",18.43,-66.01,3.46065573770492,30.7801912568306
"r_Brooms Barn",26,"rothamsted",52.260681,0.56843,16.0770491803279,13.646174863388
"r_Dundee",21,"rothamsted",56.457147,-3.07365,14.016393442623,12.3344262295082
"r_East Craigs",22,"rothamsted",55.949386,-3.311634,13.6836065573771,12.5136612021858
"r_Elgin",13,"rothamsted",57.645285,-3.365517,12.5803278688525,11.8868852459016
"r_Kirton",30,"rothamsted",52.93689,-0.06989,15.9967213114754,13.398087431694
"r_Preston",32,"rothamsted",53.854383,-2.76699,14.3131147540984,12.6957650273224
"r_Silwood Park",34,"rothamsted",51.40941,-0.643357,15.9918032786885,14.2367486338798
"r_Writtle",28,"rothamsted",51.733599,0.429233,16.4950819672131,13.8434426229508
"r_Starcross",16,"rothamsted",50.629596,-3.45463,13.3196721311475,14.0648907103825
"r_Rothamsted Tower",24,"rothamsted",51.806997,-0.360091,16.3737704918033,13.4375683060109
"r_Wye",27,"rothamsted",51.185507,0.944941,15.8213114754098,13.6174863387978
"r_Ayr",22,"rothamsted",55.476826,-4.567922,13.0131147540984,12.3993169398907
"r_Newcastle",22,"rothamsted",55.213254,-1.685083,14.0213114754098,12.0590163934426
"u_Altajskij_Bele",47,"ussr",51.420807,87.7962,26.1590163934426,7.7551912568306
"u_Altajskij_Yailu",66,"ussr",51.77066,87.606818,28.9049180327869,9.58852459016394
"u_Amga(Hatin)",39,"ussr",58.97,122.81,52.1196721311475,-1.71680327868852
"u_Bajkal'skij",7,"ussr",51.343246,105.157461,34.3016393442623,1.31079234972678
"u_Barguzinskij_Plant_Loc-4",79,"ussr",54.5,109.833333,39.0377049180328,2.1818306010929
"u_Bolshaya Kokshaga",42,"ussr",56.676389,47.2725,34.9655737704918,7.61775956284153
"u_Braslavskie Ozera",15,"ussr",55.596156,27.054017,28.0852459016393,9.63196721311476
"u_Brjanskij les",39,"ussr",52.5,35,30.5491803278689,9.925
"u_Bryanskiy Les_Plant_Loc-1",17,"ussr",52.43897,34.12868,30.2213114754098,10.0333333333333
"u_Bryanskiy Les_Plant_Loc-11",1,"ussr",52.44945,34.111164,30.272131147541,10.0209016393443
"u_Bryanskiy Les_Plant_Loc-12",1,"ussr",52.448513,34.108351,30.272131147541,10.0209016393443
"u_Bryanskiy Les_Plant_Loc-13",5,"ussr",52.43727,34.12359,30.272131147541,10.0209016393443
"u_Bryanskiy Les_Plant_Loc-14",5,"ussr",52.43904,34.12416,30.272131147541,10.0209016393443
"u_Bryanskiy Les_Plant_Loc-15",11,"ussr",52.43701,34.12655,30.2213114754098,10.0333333333333
"u_Bryanskiy Les_Plant_Loc-16",4,"ussr",52.43945,34.12618,30.2213114754098,10.0333333333333
"u_Bryanskiy Les_Plant_Loc-17",3,"ussr",52.43496,34.12546,30.2213114754098,10.0333333333333
"u_Bryanskiy Les_Plant_Loc-18",4,"ussr",52.44349,34.12485,30.272131147541,10.0209016393443
"u_Bryanskiy Les_Plant_Loc-19",5,"ussr",52.447168,34.123007,30.272131147541,10.0209016393443
"u_Bryanskiy Les_Plant_Loc-21",1,"ussr",52.44059,34.13345,30.2213114754098,10.0333333333333
"u_Bryanskiy Les_Plant_Loc-22",1,"ussr",52.449432,34.129778,30.2213114754098,10.0333333333333
"u_Bryanskiy Les_Plant_Loc-23",2,"ussr",52.44614,34.12209,30.272131147541,10.0209016393443
"u_Bryanskiy Les_Plant_Loc-3",4,"ussr",52.44768,34.12954,30.2213114754098,10.0333333333333
"u_Bryanskiy Les_Plant_Loc-4",14,"ussr",52.45091,34.12403,30.272131147541,10.0209016393443
"u_Bryanskiy Les_Plant_Loc-7",2,"ussr",52.464121,34.1191202,30.0688524590164,9.98688524590164
"u_Bryanskiy Les_Plant_Loc-9",1,"ussr",52.4645448,34.1155688,30.0688524590164,9.98688524590164
"u_CarpathianBiosphereReserve_Kuzi-Tribushansky_Masyv",51,"ussr",47.96277,24.138056,22.8311475409836,9.66024590163935
"u_Carpatian National Park",1,"ussr",48.382778,24.543889,23.0639344262295,9.58101092896175
"u_Central'no-Chernozemnyj_Dubrava",94,"ussr",51.563932,36.085066,31.0868852459016,10.1520491803279
"u_Central'no-Chernozemnyj_Step'",137,"ussr",51.57339,36.092391,31.0868852459016,10.1520491803279
"u_Central'no-Lesnoj",23,"ussr",56.5,32.916667,29.8409836065574,8.65122950819672
"u_Darvinskij",57,"ussr",58.583333,37.983333,32.8016393442623,7.88278688524591
"u_Feofaniya",36,"ussr",50.3402932,30.486718,28.6672131147541,11.7445355191257
"u_Il'menskij",32,"ussr",55.167692,60.229011,34.7573770491803,7.09139344262295
"u_Kanivsky",85,"ussr",49.744444,31.455833,29.1967213114754,11.8463114754098
"u_Kavkazskij_Babuk-Aul",8,"ussr",43.85,39.8,22.0590163934426,13.1765027322404
"u_Kavkazskij_Chernorech'e",10,"ussr",43.93333,40.683333,23.9836065573771,11.2144808743169
"u_Kavkazskij_Chvezhipse",4,"ussr",43.7,40.05,22.3934426229508,14.1579234972678
"u_Kavkazskij_Guzeripl'",12,"ussr",44,40.133333,23.7295081967213,11.707650273224
"u_Kavkazskij_Hosta",4,"ussr",43.51667,39.86667,19.6262295081967,17.5280054644809
"u_Kavkazskij_Karapyr'",8,"ussr",43.66667,40.83333,22.9754098360656,10.0890710382514
"u_Kavkazskij_Tret'ja Rota",6,"ussr",43.88333,40.716667,24.044262295082,10.6142076502732
"u_Kavkazskij_Umpyr'",4,"ussr",43.78333,40.63333,23.0344262295082,9.93169398907104
"u_Kavkazskij_Zakan",2,"ussr",43.7,40.78333,22.227868852459,8.30956284153006
"u_Kedrovaya Pad",26,"ussr",43.083333,131.5,32.8049180327869,9.16598360655738
"u_Kenozerskij",16,"ussr",62.0775,38.194167,32.8393442622951,6.33524590163935
"u_Kivach",113,"ussr",62.2961,33.921,30.7131147540984,6.24781420765028
"u_Kordon Berezovy",15,"ussr",44.720822,34.229474,24.227868852459,13.9217213114754
"u_Kostomukshskij",103,"ussr",64.47317,30.274215,30.416393442623,4.97021857923498
"u_Kronockij",4,"ussr",54.666667,161,21.7540983606557,3.99877049180328
"u_Laplandskij",29,"ussr",67.816667,32.469444,26.9622950819672,2.21775956284153
"u_Malaja Sos'va",58,"ussr",62.082945,64.096416,41.2016393442623,2.94726775956284
"u_Manushkino-Nyandoma (Arkhangelsk)",31,"ussr",61.666667,40.166667,33.0508196721311,5.8051912568306
"u_Mariy Chorda_Plants_Loc-4",8,"ussr",56.15,48.366667,35.4540983606557,7.59562841530055
"u_Meshchera",27,"ussr",55.561111,40.253889,33.383606557377,8.67950819672132
"u_Mordovskij",11,"ussr",60.219514,24.921718,26.1262295081967,8.51612021857924
"u_Nurgush",31,"ussr",58.012063,48.456629,35.316393442623,6.49248633879782
"u_Olekma(Bederdjah)",39,"ussr",59.19,121.77,54.1196721311475,-0.935655737704915
"u_Olekma(Tas-Hajko)",39,"ussr",58.17,121.61,50.716393442623,0.548633879781424
"u_Olekminskij",6,"ussr",58.656059,122.257667,49.5672131147541,-0.669125683060106
"u_Orlovskoe Polesie",19,"ussr",53.283333,35.3,30.2360655737705,9.52199453551913
"u_Pechoro-Ilychskij",56,"ussr",62.575,58.2583,40.3606557377049,3.30245901639345
"u_Petrozavodsk",44,"ussr",61.783333,34.333333,30.2213114754098,6.5922131147541
"u_Pinezhskij",79,"ussr",64.676667,43.199167,32.1049180327869,4.42131147540984
"u_Polistovskij",10,"ussr",57.170833,30.556944,29.2819672131148,9.35642076502733
"u_Prioksko-Terrasnyj",99,"ussr",54.914722,37.571944,30.9934426229508,9.06174863387979
"u_Sihotje-Alinskij",94,"ussr",45.333333,136.15,38.0131147540984,3.52650273224044
"u_Stolby",67,"ussr",55.883333,92.766667,35.9344262295082,4.52814207650274
"u_Tigirekskij_Tigirek",10,"ussr",50.950128,82.976295,33.1655737704918,7.55655737704918
"u_Tuolba",39,"ussr",59.22,122.55,53.2540983606557,-1.89084699453552
"u_Ugra",28,"ussr",54.15,35.866667,30.6868852459016,9.21489071038252
"u_Visherskij",53,"ussr",61.483333,59.216667,37.8393442622951,2.67827868852459
"u_Visimskij",23,"ussr",57.4276,59.6207,35.9065573770492,5.45355191256831
"u_Volzhsko-Kamskiy",32,"ussr",55.302778,49.286111,35.472131147541,8.15396174863388
"u_Voronezhskij zapovednik",13,"ussr",52.1,39.433333,33.2803278688525,10.9553278688525
"u_Zejskij",5,"ussr",53.962864,127.372523,44.1688524590164,1.9724043715847
"u_Zhiguli_Plants_Route_11",82,"ussr",53.394857,49.77872,35.3409836065574,8.53825136612022
"p_2761",36,"pep",49.4667,7.56667,21.9114754098361,13.7577868852459
"p_1129",36,"pep",53.15,8.2,20.1344262295082,13.2116120218579
"p_1876",35,"pep",51.4,7.43333,20.2754098360656,13.7512295081967
"p_2763",38,"pep",49.5,7.76667,22.0295081967213,13.7700819672131
"p_2225",38,"pep",50.95,9.86667,22.0868852459016,12.7997267759563
"p_4172",38,"pep",49.3333,10.8,23.7704918032787,13.2565573770492
"p_118",39,"pep",54.6167,8.96667,19.3606557377049,11.7498633879781
"p_152",36,"pep",54.1,10.8167,20.0360655737705,12.2766393442623
"p_1713",36,"pep",51.5833,9.3,21.7819672131148,12.5978142076503
"p_855",37,"pep",53.5667,9.51667,20.844262295082,13.0571038251366
"p_977",36,"pep",52.3167,8.03333,20.3967213114754,13.3308743169399
"p_1539",31,"pep",51.8333,7.3,20.1836065573771,13.707650273224
"p_244",37,"pep",54.5167,9.56667,19.7655737704918,11.8823770491803
"p_1072",37,"pep",52.3,10.4333,22.1409836065574,13.5946721311475
"p_1758",34,"pep",51.45,8.35,20.2786885245902,11.6218579234973
"p_3482",40,"pep",47.7333,12.8833,22.6213114754098,13.5803278688525
"p_4641",32,"pep",49.4167,6.91667,21.8508196721311,13.4707650273224
"p_7015",26,"pep",48.2667,16.7,26.0426229508197,15.1013661202186
"p_766",34,"pep",53.1333,10.6,21.9786885245902,13.1707650273224
"p_1326",9,"pep",51.5833,6.25,19.4704918032787,14.0321038251366
"p_1974",36,"pep",49.7333,9,22.3295081967213,13.693306010929
"p_3023",40,"pep",49.0667,8.8,22.5655737704918,14.3627049180328
"p_3744",36,"pep",49.1333,12.7333,24.0622950819672,12.1144808743169
"p_2009",37,"pep",50.5167,8.81667,22.5704918032787,13.595218579235
"p_4340",38,"pep",49.95,10.2833,23.816393442623,13.8780054644809
"p_2615",37,"pep",50.2,6.41667,20.5934426229508,11.726912568306
"p_911",33,"pep",52.8667,7.31667,19.5065573770492,13.2629781420765
"p_3346",36,"pep",48.2833,8.85,22.8016393442623,13.0378415300546
"p_3378",38,"pep",48.2833,9.71667,23.6114754098361,12.7023224043716
"p_3558",36,"pep",47.45,11.2667,20.2901639344262,10.6285519125683
"p_3526",34,"pep",48.3833,11.4167,23.3786885245902,12.6095628415301
"p_3014",36,"pep",49.0833,9.88333,23.2590163934426,13.0836065573771
"p_810",35,"pep",53.8167,8.76667,20.0147540983607,13.0105191256831
"p_3876",38,"pep",49.8667,11.9,23.7459016393443,11.9016393442623
"p_6620",32,"pep",46.95,14.4167,23.8262295081967,12.247131147541
"p_3945",38,"pep",48.9,11.6167,23.9344262295082,12.7243169398907
"p_4054",37,"pep",49.9333,11.2833,23.4114754098361,12.422131147541
"p_6729",8,"pep",46.1833,6.01667,22.6934426229508,15.4331967213115
"p_3827",35,"pep",48.75,13.5167,24.3983606557377,13.0234972677596
"p_143",23,"pep",54.5167,11.05,19.0524590163934,11.7468579234973
"p_656",32,"pep",52.5333,10.35,22.2016393442623,13.603825136612
"p_5246",37,"pep",54.15,12.5833,20.6524590163934,11.5262295081967
"p_4741",33,"pep",52.2167,14.1167,24.0245901639344,13.2657103825137
"p_4848",38,"pep",52.9833,13.35,23.4475409836066,12.8706284153005
"p_5501",39,"pep",50.8667,12.45,23.8639344262295,13.0784153005465
"p_3484",35,"pep",48.4,11.7333,23.7786885245902,13.0172131147541
"p_5661",40,"pep",51.3667,12.6333,23.7213114754098,13.3516393442623
"p_5158",39,"pep",53.8167,12.0667,21.2409836065574,12.1016393442623
"p_6020",38,"pep",51.9167,12.7833,24.1016393442623,13.226912568306
"p_5756",39,"pep",52.5,12.0333,23.4016393442623,13.8364754098361
"p_5507",39,"pep",51.2667,15.0333,23.9540983606557,12.9228142076503
"p_5277",35,"pep",54.6833,13.4333,19.4803278688525,11.4849726775956
"p_5213",36,"pep",53.45,12.2667,22.0524590163934,12.3020491803279
"p_5236",38,"pep",53.5167,13.95,22.9,12.3393442622951
"p_6410",41,"pep",50.8667,11.2,22.7901639344262,12.4703551912568
"p_6737",9,"pep",46.9167,6.63333,20.8983606557377,11.0392076502732
"p_5449",38,"pep",50.75,13.75,22.1229508196721,8.6714480874317
"p_20451",13,"pep",42.8333,19.5167,22.9524590163934,12.7155737704918
"p_20449",8,"pep",42.7667,18.95,24.5426229508197,16.4311475409836
"p_5394",29,"pep",50.4167,12.9667,21.3704918032787,8.32486338797814
"p_5237",37,"pep",53.3,14.2333,23.4770491803279,12.624043715847
"p_6869",18,"pep",45.9,13.6333,22.7032786885246,17.5106557377049
"p_6875",22,"pep",46.2,15.5333,23.7901639344262,14.6551912568306
"p_19291",34,"pep",45.6,17.233,25.6590163934426,16.4554644808743
"p_19296",16,"pep",45.367,18.233,25.8213114754098,16.2601092896175
"p_6866",25,"pep",46.5667,15.95,24.3360655737705,14.679781420765
"p_19297",31,"pep",45.267,15.283,23.727868852459,14.8823770491803
"p_6868",22,"pep",46.0667,14.5167,25.5737704918033,14.7870218579235
"p_19299",8,"pep",42.75,17.983,20.2049180327869,19.6068306010929
"p_20582",5,"pep",41.9667,22.7667,25.8262295081967,15.8162568306011
"p_6714",6,"pep",46.5,7.56667,19.2803278688525,8.38879781420765
"p_19294",5,"pep",43.167,16.45,19.4393442622951,20.4015027322404
"p_20583",4,"pep",41.9333,21.3833,26.5901639344262,16.5035519125683
"p_20452",7,"pep",42.3833,18.9167,21.5967213114754,15.3277322404372
"p_1111",38,"pep",52.4333,10.85,22.4885245901639,13.5668032786885
"p_2489",36,"pep",49.6333,7.28333,22.4524590163934,12.7842896174863
"p_450",38,"pep",52.7167,9.25,21.4016393442623,13.6486338797814
"p_7012",27,"pep",48.25,16.35,25.1295081967213,15.3351092896175
"p_19292",16,"pep",45.217,14.133,22.8032786885246,17.1132513661202
"p_3237",35,"pep",48.3333,7.88333,21.9672131147541,14.0840163934426
"p_4852",40,"pep",51.9667,14.5667,24.1918032786885,13.2095628415301
"p_6768",7,"pep",46.1667,8.8,21.0262295081967,13.5275956284153
"p_20584",3,"pep",41.4833,22.1,27.7213114754098,19.2651639344262
"p_6764",7,"pep",46.3333,7.01667,20.9524590163934,12.3513661202186
"p_1466",38,"pep",50.8833,6.45,19.8377049180328,14.1713114754098
"p_6695",28,"pep",48.95,15.0333,24.1049180327869,12.0739071038251
"p_1165",31,"pep",53.6833,7.93333,18.6918032786885,12.200956284153
"p_8273",4,"pep",51.9333,-10.2167,9.75737704918033,13.5024590163934
"p_6817",9,"pep",47.25,7.81667,22.8836065573771,13.2438524590164
"p_6727",8,"pep",46.3333,9.55,17.9573770491803,5.64822404371585
"p_19525",16,"pep",44.8,15.8666,24.1245901639344,16.2968579234973
"p_19529",12,"pep",44.5333,18.6833,25.5934426229508,16.1954918032787
"p_19526",17,"pep",44.05,17.45,25.4147540983607,14.3087431693989
"p_19527",15,"pep",43.866,18.433,24.1901639344262,14.3681693989071
"p_6585",27,"pep",46.7167,15.2667,25.4081967213115,14.4655737704918
"p_6596",23,"pep",48.45,14.3333,22.9459016393443,11.3129781420765
"p_6662",30,"pep",48.85,15.5,24.5180327868853,12.323087431694
"p_6832",2,"pep",46.75,6.48333,22.3590163934426,13.3741803278689
"p_7156",4,"pep",60.6167,26.1667,28.1852459016393,8.14849726775957
"p_7154",4,"pep",60.35,24.9833,26.7426229508197,8.16762295081968
"p_7159",3,"pep",61.3833,25.0333,28.1049180327869,7.76666666666667
"p_7160",3,"pep",62.0167,23.0333,27.5639344262295,7.83838797814208
"p_7163",4,"pep",61.8,29.3167,30.2704918032787,7.32882513661203
"p_7165",4,"pep",62.6,29.7167,30.5393442622951,6.774043715847
"p_7164",3,"pep",62.6333,27.05,29.2475409836066,6.63155737704918
"p_7166",4,"pep",62.7667,30.9667,30.3885245901639,6.08387978142077
"p_7172",3,"pep",63.9167,23.8833,27.8606557377049,7.18784153005465
"p_7168",3,"pep",63.55,29.0167,30.4540983606557,5.90040983606558
"p_7180",3,"pep",67.35,23.8167,30.4655737704918,4.12090163934427
"p_7175",4,"pep",66.3667,29.3,31.4672131147541,3.6551912568306
"p_7174",4,"pep",64.65,28.05,29.1065573770492,5.65040983606558
"p_7181",2,"pep",68.0167,24.15,27.8049180327869,3.55464480874317
"p_7178",4,"pep",67.7333,29.6,27.1590163934426,3.1438524590164
"p_6892",34,"pep",48.6833,17.0167,25.7393442622951,14.6743169398907
"p_6880",25,"pep",48.0667,18.95,26.8688524590164,15.1084699453552
"p_6912",33,"pep",49,18.2333,25.4770491803279,13.4916666666667
"p_6895",35,"pep",48.2167,19.95,26.4475409836066,14.1751366120219
"p_6929",34,"pep",48.7333,21.6167,26.1836065573771,13.7409836065574
"p_6920",28,"pep",48.3667,21.7667,27.2491803278689,14.8049180327869
"p_6887",24,"pep",48.4667,18.3167,24.6573770491803,13.1106557377049
"p_6910",31,"pep",48.9167,18.8833,26.1147540983607,12.5351092896175
"p_6927",30,"pep",48.7167,20.2667,23.9606557377049,11.9352459016393
"p_6942",25,"pep",49.1,20.6833,22.4803278688525,9.73852459016394
"p_19486",26,"pep",49.666,13.65,24.0016393442623,11.9867486338798
"p_20620",7,"pep",51.8356,16.5347,24.4672131147541,12.9852459016393
"p_20622",2,"pep",50.9003,15.7889,25.2098360655738,11.6303278688525
"p_20631",3,"pep",53.1306,16.7472,24.7262295081967,12.5143442622951
"p_20619",5,"pep",52.1811,22.2447,26.3032786885246,11.9982240437159
"p_20630",7,"pep",49.6272,20.6886,25.2,13.6129781420765
"p_20628",2,"pep",53.1072,23.1622,26.5639344262295,11.3751366120219
"p_20617",2,"pep",53.0419,18.5956,25.7327868852459,12.5624316939891
"p_20615",8,"pep",54.5883,16.8542,21.2295081967213,11.5266393442623
"p_20621",1,"pep",51.3533,19.8664,25.8475409836066,12.5136612021858
"p_20632",3,"pep",54.2233,19.5436,24.4180327868852,10.6075136612022
